Unnamed: 0,cik,entityName,companyFact,end,val,accn,fy,fp,form,filed,units
439504,5272,"American International Group, Inc.",AccruedInvestmentIncomeReceivable,2022-12-31,2376000000,0000005272-23-000007,2022,FY,10-K,2023-02-17,USD
439674,5272,"American International Group, Inc.",AccumulatedOtherComprehensiveIncomeLossNetOfTax,2022-12-31,-22092000000,0000005272-23-000007,2022,FY,10-K,2023-02-17,USD
472513,5272,"American International Group, Inc.",AdditionalCollateralAggregateFairValue,2022-12-31,2000000000,0000005272-23-000007,2022,FY,10-K,2023-02-17,USD
439784,5272,"American International Group, Inc.",AdditionalPaidInCapitalCommonStock,2022-12-31,80284000000,0000005272-23-000007,2022,FY,10-K,2023-02-17,USD
439910,5272,"American International Group, Inc.",AdditionsToContractHoldersFunds,2022-12-31,26508000000,0000005272-23-000007,2022,FY,10-K,2023-02-17,USD
440063,5272,"American International Group, Inc.",AdjustmentsToReconcileNetIncomeLossToCashProvidedByUsedInOperatingActivities,2022-12-31,-7069000000,0000005272-23-000007,2022,FY,10-K,2023-02-17,USD
440205,5272,"American International Group, Inc.",AllocatedShareBasedCompensationExpense,2022-12-31,288000000,0000005272-23-000007,2022,FY,10-K,2023-02-17,USD
440241,5272,"American International Group, Inc.",AllocatedShareBasedCompensationExpenseNetOfTax,2022-12-31,228000000,0000005272-23-000007,2022,FY,10-K,2023-02-17,USD
440286,5272,"American International Group, Inc.",AllowanceForDoubtfulAccountsPremiumsAndOtherReceivables,2022-12-31,169000000,0000005272-23-000007,2022,FY,10-K,2023-02-17,USD
440933,5272,"American International Group, Inc.",AntidilutiveSecuritiesExcludedFromComputationOfEarningsPerShareAmount,2022-12-31,24100000,0000005272-23-000007,2022,FY,10-K,2023-02-17,shares
440956,5272,"American International Group, Inc.",AssetImpairmentCharges,2022-12-31,26000000,0000005272-23-000007,2022,FY,10-K,2023-02-17,USD
441067,5272,"American International Group, Inc.",Assets,2022-12-31,526634000000,0000005272-23-000007,2022,FY,10-K,2023-02-17,USD
441157,5272,"American International Group, Inc.",AssetsHeldByInsuranceRegulators,2022-12-31,13600000000,0000005272-23-000007,2022,FY,10-K,2023-02-17,USD
472523,5272,"American International Group, Inc.",AvailableForSaleDebtSecuritiesAccumulatedGrossUnrealizedGainBeforeTax,2022-12-31,2222000000,0000005272-23-000007,2022,FY,10-K,2023-02-17,USD
472533,5272,"American International Group, Inc.",AvailableForSaleDebtSecuritiesAccumulatedGrossUnrealizedLossBeforeTax,2022-12-31,31873000000,0000005272-23-000007,2022,FY,10-K,2023-02-17,USD
472540,5272,"American International Group, Inc.",AvailableForSaleSecuritiesDebtMaturitiesNextRollingTwelveMonthsAmortizedCostBasis,2022-12-31,9150000000,0000005272-23-000007,2022,FY,10-K,2023-02-17,USD
472545,5272,"American International Group, Inc.",AvailableForSaleSecuritiesDebtMaturitiesNextRollingTwelveMonthsFairValue,2022-12-31,9010000000,0000005272-23-000007,2022,FY,10-K,2023-02-17,USD
472550,5272,"American International Group, Inc.",AvailableForSaleSecuritiesDebtMaturitiesRollingAfterYearTenAmortizedCostBasis,2022-12-31,91228000000,0000005272-23-000007,2022,FY,10-K,2023-02-17,USD
472555,5272,"American International Group, Inc.",AvailableForSaleSecuritiesDebtMaturitiesRollingAfterYearTenFairValue,2022-12-31,73066000000,0000005272-23-000007,2022,FY,10-K,2023-02-17,USD
472560,5272,"American International Group, Inc.",AvailableForSaleSecuritiesDebtMaturitiesRollingYearSixThroughTenAmortizedCostBasis,2022-12-31,44213000000,0000005272-23-000007,2022,FY,10-K,2023-02-17,USD
472565,5272,"American International Group, Inc.",AvailableForSaleSecuritiesDebtMaturitiesRollingYearSixThroughTenFairValue,2022-12-31,39449000000,0000005272-23-000007,2022,FY,10-K,2023-02-17,USD
472570,5272,"American International Group, Inc.",AvailableForSaleSecuritiesDebtMaturitiesRollingYearTwoThroughFiveAmortizedCostBasis,2022-12-31,50935000000,0000005272-23-000007,2022,FY,10-K,2023-02-17,USD
472575,5272,"American International Group, Inc.",AvailableForSaleSecuritiesDebtMaturitiesRollingYearTwoThroughFiveFairValue,2022-12-31,48517000000,0000005272-23-000007,2022,FY,10-K,2023-02-17,USD
472580,5272,"American International Group, Inc.",AvailableForSaleSecuritiesDebtMaturitiesWithoutSingleMaturityDateAmortizedCost,2022-12-31,60281000000,0000005272-23-000007,2022,FY,10-K,2023-02-17,USD
472585,5272,"American International Group, Inc.",AvailableForSaleSecuritiesDebtMaturitiesWithoutSingleMaturityDateFairValue,2022-12-31,56114000000,0000005272-23-000007,2022,FY,10-K,2023-02-17,USD
472601,5272,"American International Group, Inc.",AvailableforsaleSecuritiesSoldAtPar,2022-12-31,20500000000,0000005272-23-000007,2022,FY,10-K,2023-02-17,USD
442546,5272,"American International Group, Inc.",BenefitsLossesAndExpenses,2022-12-31,42155000000,0000005272-23-000007,2022,FY,10-K,2023-02-17,USD
442740,5272,"American International Group, Inc.",Cash,2022-12-31,2043000000,0000005272-23-000007,2022,FY,10-K,2023-02-17,USD
442823,5272,"American International Group, Inc.",CashCashEquivalentsRestrictedCashAndRestrictedCashEquivalents,2022-12-31,2216000000,0000005272-23-000007,2022,FY,10-K,2023-02-17,USD
473133,5272,"American International Group, Inc.",CashCashEquivalentsRestrictedCashAndRestrictedCashEquivalentsIncludingDisposalGroupAndDiscontinuedOperations,2022-12-31,2216000000,0000005272-23-000007,2022,FY,10-K,2023-02-17,USD
443116,5272,"American International Group, Inc.",CollateralAlreadyPostedAggregateFairValue,2022-12-31,2900000000,0000005272-23-000007,2022,FY,10-K,2023-02-17,USD
443297,5272,"American International Group, Inc.",CommonStockDividendsPerShareCashPaid,2022-12-31,0,0000005272-23-000007,2022,FY,10-K,2023-02-17,USD/shares
443466,5272,"American International Group, Inc.",CommonStockParOrStatedValuePerShare,2022-12-31,2,0000005272-23-000007,2022,FY,10-K,2023-02-17,USD/shares
443572,5272,"American International Group, Inc.",CommonStockSharesAuthorized,2022-12-31,5000000000,0000005272-23-000007,2022,FY,10-K,2023-02-17,shares
443678,5272,"American International Group, Inc.",CommonStockSharesIssued,2022-12-31,1906671492,0000005272-23-000007,2022,FY,10-K,2023-02-17,shares
443756,5272,"American International Group, Inc.",CommonStockSharesOutstanding,2022-12-31,734100000,0000005272-23-000007,2022,FY,10-K,2023-02-17,shares
443866,5272,"American International Group, Inc.",CommonStockValue,2022-12-31,4766000000,0000005272-23-000007,2022,FY,10-K,2023-02-17,USD
444045,5272,"American International Group, Inc.",ComprehensiveIncomeNetOfTax,2022-12-31,-20543000000,0000005272-23-000007,2022,FY,10-K,2023-02-17,USD
444207,5272,"American International Group, Inc.",ComprehensiveIncomeNetOfTaxAttributableToNoncontrollingInterest,2022-12-31,-1584000000,0000005272-23-000007,2022,FY,10-K,2023-02-17,USD
444385,5272,"American International Group, Inc.",ComprehensiveIncomeNetOfTaxIncludingPortionAttributableToNoncontrollingInterest,2022-12-31,-22127000000,0000005272-23-000007,2022,FY,10-K,2023-02-17,USD
444435,5272,"American International Group, Inc.",CurrentFederalTaxExpenseBenefit,2022-12-31,246000000,0000005272-23-000007,2022,FY,10-K,2023-02-17,USD
444471,5272,"American International Group, Inc.",CurrentForeignTaxExpenseBenefit,2022-12-31,271000000,0000005272-23-000007,2022,FY,10-K,2023-02-17,USD
472627,5272,"American International Group, Inc.",DebtSecuritiesAvailableForSaleAmortizedCostAllowanceForCreditLossExcludingAccruedInterest,2022-12-31,186000000,0000005272-23-000007,2022,FY,10-K,2023-02-17,USD
473217,5272,"American International Group, Inc.",DebtSecuritiesAvailableForSaleAmortizedCostExcludingAccruedInterestAfterAllowanceForCreditLoss,2022-12-31,255807000000,0000005272-23-000007,2022,FY,10-K,2023-02-17,USD
472638,5272,"American International Group, Inc.",DebtSecuritiesAvailableForSaleAmortizedCostExcludingAccruedInterestBeforeAllowanceForCreditLoss,2022-12-31,255993000000,0000005272-23-000007,2022,FY,10-K,2023-02-17,USD
472648,5272,"American International Group, Inc.",DebtSecuritiesAvailableForSaleContinuousUnrealizedLossPosition12MonthsOrLonger,2022-12-31,23486000000,0000005272-23-000007,2022,FY,10-K,2023-02-17,USD
472658,5272,"American International Group, Inc.",DebtSecuritiesAvailableForSaleContinuousUnrealizedLossPosition12MonthsOrLongerAccumulatedLoss,2022-12-31,5132000000,0000005272-23-000007,2022,FY,10-K,2023-02-17,USD
472668,5272,"American International Group, Inc.",DebtSecuritiesAvailableForSaleContinuousUnrealizedLossPosition12MonthsOrLongerNumberOfPositions,2022-12-31,4048,0000005272-23-000007,2022,FY,10-K,2023-02-17,security
472678,5272,"American International Group, Inc.",DebtSecuritiesAvailableForSaleContinuousUnrealizedLossPositionLessThan12Months,2022-12-31,173000000000,0000005272-23-000007,2022,FY,10-K,2023-02-17,USD
472688,5272,"American International Group, Inc.",DebtSecuritiesAvailableForSaleContinuousUnrealizedLossPositionLessThan12MonthsAccumulatedLoss,2022-12-31,26605000000,0000005272-23-000007,2022,FY,10-K,2023-02-17,USD
472698,5272,"American International Group, Inc.",DebtSecuritiesAvailableForSaleExcludingAccruedInterest,2022-12-31,226156000000,0000005272-23-000007,2022,FY,10-K,2023-02-17,USD
473147,5272,"American International Group, Inc.",DebtSecuritiesAvailableForSaleExcludingAccruedInterestAllowanceForCreditLossNotPreviouslyRecorded,2022-12-31,307000000,0000005272-23-000007,2022,FY,10-K,2023-02-17,USD
473160,5272,"American International Group, Inc.",DebtSecuritiesAvailableForSaleExcludingAccruedInterestAllowanceForCreditLossNotToSellBeforeRecoveryCreditLossPreviouslyRecordedExpenseReversal,2022-12-31,-91000000,0000005272-23-000007,2022,FY,10-K,2023-02-17,USD
473173,5272,"American International Group, Inc.",DebtSecuritiesAvailableForSaleExcludingAccruedInterestAllowanceForCreditLossSecuritiesSold,2022-12-31,95000000,0000005272-23-000007,2022,FY,10-K,2023-02-17,USD
473186,5272,"American International Group, Inc.",DebtSecuritiesAvailableForSaleExcludingAccruedInterestAllowanceForCreditLossWriteoff,2022-12-31,30000000,0000005272-23-000007,2022,FY,10-K,2023-02-17,USD
473222,5272,"American International Group, Inc.",DebtSecuritiesAvailableForSaleExcludingAccruedInterestPurchasedWithCreditDeteriorationAllowanceForCreditLossAtAcquisitionDate,2022-12-31,0,0000005272-23-000007,2022,FY,10-K,2023-02-17,USD
444733,5272,"American International Group, Inc.",DebtSecuritiesAvailableForSalePurchasedWithCreditDeteriorationAllowanceForCreditLossAtAcquisitionDate,2020-12-31,-26000000,0000005272-23-000007,2022,FY,10-K,2023-02-17,USD
444740,5272,"American International Group, Inc.",DebtSecuritiesAvailableForSalePurchasedWithCreditDeteriorationAmountAtParValue,2020-12-31,644000000,0000005272-23-000007,2022,FY,10-K,2023-02-17,USD
444747,5272,"American International Group, Inc.",DebtSecuritiesAvailableForSalePurchasedWithCreditDeteriorationAmountAtPurchasePrice,2020-12-31,469000000,0000005272-23-000007,2022,FY,10-K,2023-02-17,USD
444754,5272,"American International Group, Inc.",DebtSecuritiesAvailableForSalePurchasedWithCreditDeteriorationDiscountPremium,2020-12-31,-149000000,0000005272-23-000007,2022,FY,10-K,2023-02-17,USD
472716,5272,"American International Group, Inc.",DebtSecuritiesAvailableForSaleRealizedGain,2022-12-31,446000000,0000005272-23-000007,2022,FY,10-K,2023-02-17,USD
444778,5272,"American International Group, Inc.",DebtSecuritiesAvailableForSaleRealizedGainLoss,2022-12-31,-1200000000,0000005272-23-000007,2022,FY,10-K,2023-02-17,USD
472733,5272,"American International Group, Inc.",DebtSecuritiesAvailableForSaleRealizedLoss,2022-12-31,1628000000,0000005272-23-000007,2022,FY,10-K,2023-02-17,USD
472742,5272,"American International Group, Inc.",DebtSecuritiesAvailableForSaleRestricted,2022-12-31,2968000000,0000005272-23-000007,2022,FY,10-K,2023-02-17,USD
472752,5272,"American International Group, Inc.",DebtSecuritiesAvailableForSaleUnrealizedLossPosition,2022-12-31,196486000000,0000005272-23-000007,2022,FY,10-K,2023-02-17,USD
472762,5272,"American International Group, Inc.",DebtSecuritiesAvailableForSaleUnrealizedLossPositionAccumulatedLoss,2022-12-31,31737000000,0000005272-23-000007,2022,FY,10-K,2023-02-17,USD
472772,5272,"American International Group, Inc.",DebtSecuritiesAvailableForSaleUnrealizedLossPositionNumberOfPositions,2022-12-31,36549,0000005272-23-000007,2022,FY,10-K,2023-02-17,security
444838,5272,"American International Group, Inc.",DeferredFederalIncomeTaxExpenseBenefit,2022-12-31,2348000000,0000005272-23-000007,2022,FY,10-K,2023-02-17,USD
444887,5272,"American International Group, Inc.",DeferredForeignIncomeTaxExpenseBenefit,2022-12-31,141000000,0000005272-23-000007,2022,FY,10-K,2023-02-17,USD
444947,5272,"American International Group, Inc.",DeferredIncomeTaxAssetsNet,2022-12-31,15144000000,0000005272-23-000007,2022,FY,10-K,2023-02-17,USD
445136,5272,"American International Group, Inc.",DeferredPolicyAcquisitionCostAmortizationExpense,2022-12-31,-4954000000,0000005272-23-000007,2022,FY,10-K,2023-02-17,USD
445311,5272,"American International Group, Inc.",DeferredPolicyAcquisitionCostUnrealizedInvestmentGainLoss,2022-12-31,-5631000000,0000005272-23-000007,2022,FY,10-K,2023-02-17,USD
445261,5272,"American International Group, Inc.",DeferredPolicyAcquisitionCosts,2022-12-31,15425000000,0000005272-23-000007,2022,FY,10-K,2023-02-17,USD
445288,5272,"American International Group, Inc.",DeferredPolicyAcquisitionCostsAdditions,2022-12-31,4643000000,0000005272-23-000007,2022,FY,10-K,2023-02-17,USD
472482,5272,"American International Group, Inc.",DeferredPolicyAcquisitionCostsAndPresentValueOfFutureProfitsAmortization1,2022-12-31,4970000000,0000005272-23-000007,2022,FY,10-K,2023-02-17,USD
472497,5272,"American International Group, Inc.",DeferredPolicyAcquisitionCostsAndValueOfBusinessAcquired,2022-12-31,15518000000,0000005272-23-000007,2022,FY,10-K,2023-02-17,USD
473225,5272,"American International Group, Inc.",DeferredPolicyAcquisitionCostsDisposition,2022-12-31,0,0000005272-23-000007,2022,FY,10-K,2023-02-17,USD
445317,5272,"American International Group, Inc.",DeferredTaxAssetsCapitalLossCarryforwards,2022-12-31,0,0000005272-23-000007,2022,FY,10-K,2023-02-17,USD
472505,5272,"American International Group, Inc.",DeferredTaxAssetsDerivativeInstruments,2022-12-31,0,0000005272-23-000007,2022,FY,10-K,2023-02-17,USD
445341,5272,"American International Group, Inc.",DeferredTaxAssetsGross,2022-12-31,21870000000,0000005272-23-000007,2022,FY,10-K,2023-02-17,USD
445384,5272,"American International Group, Inc.",DeferredTaxAssetsLiabilitiesNet,2022-12-31,14849000000,0000005272-23-000007,2022,FY,10-K,2023-02-17,USD
445396,5272,"American International Group, Inc.",DeferredTaxAssetsOperatingLossCarryforwards,2022-12-31,5209000000,0000005272-23-000007,2022,FY,10-K,2023-02-17,USD
445412,5272,"American International Group, Inc.",DeferredTaxAssetsOther,2022-12-31,498000000,0000005272-23-000007,2022,FY,10-K,2023-02-17,USD
445423,5272,"American International Group, Inc.",DeferredTaxAssetsTaxCreditCarryforwards,2022-12-31,22000000,0000005272-23-000007,2022,FY,10-K,2023-02-17,USD
445450,5272,"American International Group, Inc.",DeferredTaxAssetsTaxDeferredExpenseCompensationAndBenefitsEmployeeBenefits,2022-12-31,382000000,0000005272-23-000007,2022,FY,10-K,2023-02-17,USD
445474,5272,"American International Group, Inc.",DeferredTaxAssetsTaxDeferredExpenseReservesAndAccrualsLossReserves,2022-12-31,352000000,0000005272-23-000007,2022,FY,10-K,2023-02-17,USD
473227,5272,"American International Group, Inc.",DeferredTaxAssetsTaxDeferredExpenseReservesAndAccrualsPolicyholderLiabilities,2022-12-31,3697000000,0000005272-23-000007,2022,FY,10-K,2023-02-17,USD
445498,5272,"American International Group, Inc.",DeferredTaxAssetsTaxDeferredExpenseReservesAndAccrualsUnearnedPremiumsReserve,2022-12-31,294000000,0000005272-23-000007,2022,FY,10-K,2023-02-17,USD
473229,5272,"American International Group, Inc.",DeferredTaxAssetsUnrealizedLossesOnAvailableforSaleSecuritiesGross,2022-12-31,5595000000,0000005272-23-000007,2022,FY,10-K,2023-02-17,USD
445522,5272,"American International Group, Inc.",DeferredTaxAssetsUnrealizedLossesOnTradingSecurities,2022-12-31,2652000000,0000005272-23-000007,2022,FY,10-K,2023-02-17,USD
445550,5272,"American International Group, Inc.",DeferredTaxAssetsValuationAllowance,2022-12-31,4250000000,0000005272-23-000007,2022,FY,10-K,2023-02-17,USD
445575,5272,"American International Group, Inc.",DeferredTaxLiabilities,2022-12-31,2771000000,0000005272-23-000007,2022,FY,10-K,2023-02-17,USD
445599,5272,"American International Group, Inc.",DeferredTaxLiabilitiesDeferredExpenseDeferredPolicyAcquisitionCost,2022-12-31,1868000000,0000005272-23-000007,2022,FY,10-K,2023-02-17,USD
445613,5272,"American International Group, Inc.",DeferredTaxLiabilitiesOther,2022-12-31,0,0000005272-23-000007,2022,FY,10-K,2023-02-17,USD
445679,5272,"American International Group, Inc.",DefinedContributionPlanEmployerMatchingContributionPercent,2022-12-31,1,0000005272-23-000007,2022,FY,10-K,2023-02-17,pure
473230,5272,"American International Group, Inc.",DefinedContributionPlanMaximumAnnualContributionsPerEmployeePercent,2022-12-31,0,0000005272-23-000007,2022,FY,10-K,2023-02-17,pure
445814,5272,"American International Group, Inc.",DepreciationAmortizationAndAccretionNet,2022-12-31,4848000000,0000005272-23-000007,2022,FY,10-K,2023-02-17,USD
445890,5272,"American International Group, Inc.",DerivativeAssetCollateralObligationToReturnCashOffset,2022-12-31,1640000000,0000005272-23-000007,2022,FY,10-K,2023-02-17,USD
445968,5272,"American International Group, Inc.",DerivativeAssetFairValueGrossLiability,2022-12-31,3895000000,0000005272-23-000007,2022,FY,10-K,2023-02-17,USD
446064,5272,"American International Group, Inc.",DerivativeAssetNotionalAmount,2022-12-31,133721000000,0000005272-23-000007,2022,FY,10-K,2023-02-17,USD
446174,5272,"American International Group, Inc.",DerivativeAssets,2022-12-31,514000000,0000005272-23-000007,2022,FY,10-K,2023-02-17,USD
446270,5272,"American International Group, Inc.",DerivativeFairValueOfDerivativeAsset,2022-12-31,6049000000,0000005272-23-000007,2022,FY,10-K,2023-02-17,USD
446366,5272,"American International Group, Inc.",DerivativeFairValueOfDerivativeLiability,2022-12-31,6043000000,0000005272-23-000007,2022,FY,10-K,2023-02-17,USD
446476,5272,"American International Group, Inc.",DerivativeLiabilities,2022-12-31,231000000,0000005272-23-000007,2022,FY,10-K,2023-02-17,USD
446554,5272,"American International Group, Inc.",DerivativeLiabilityCollateralRightToReclaimCashOffset,2022-12-31,1917000000,0000005272-23-000007,2022,FY,10-K,2023-02-17,USD
446632,5272,"American International Group, Inc.",DerivativeLiabilityFairValueGrossAsset,2022-12-31,3895000000,0000005272-23-000007,2022,FY,10-K,2023-02-17,USD
446728,5272,"American International Group, Inc.",DerivativeLiabilityNotionalAmount,2022-12-31,56805000000,0000005272-23-000007,2022,FY,10-K,2023-02-17,USD
446776,5272,"American International Group, Inc.",DiscontinuedOperationIncomeLossFromDiscontinuedOperationBeforeIncomeTax,2022-12-31,-1000000,0000005272-23-000007,2022,FY,10-K,2023-02-17,USD
446808,5272,"American International Group, Inc.",DiscontinuedOperationTaxEffectOfDiscontinuedOperation,2022-12-31,0,0000005272-23-000007,2022,FY,10-K,2023-02-17,USD
447029,5272,"American International Group, Inc.",DisposalGroupNotDiscontinuedOperationGainLossOnDisposal,2022-12-31,-82000000,0000005272-23-000007,2022,FY,10-K,2023-02-17,USD
447134,5272,"American International Group, Inc.",DividendsCommonStock,2022-12-31,982000000,0000005272-23-000007,2022,FY,10-K,2023-02-17,USD
447183,5272,"American International Group, Inc.",DividendsPreferredStock,2022-12-31,29000000,0000005272-23-000007,2022,FY,10-K,2023-02-17,USD
447334,5272,"American International Group, Inc.",EarningsPerShareBasic,2022-12-31,13,0000005272-23-000007,2022,FY,10-K,2023-02-17,USD/shares
447470,5272,"American International Group, Inc.",EarningsPerShareDiluted,2022-12-31,13,0000005272-23-000007,2022,FY,10-K,2023-02-17,USD/shares
448183,5272,"American International Group, Inc.",EffectOfExchangeRateOnCashCashEquivalentsRestrictedCashAndRestrictedCashEquivalents,2022-12-31,-117000000,0000005272-23-000007,2022,FY,10-K,2023-02-17,USD
447624,5272,"American International Group, Inc.",EffectiveIncomeTaxRateContinuingOperations,2022-12-31,0,0000005272-23-000007,2022,FY,10-K,2023-02-17,pure
447765,5272,"American International Group, Inc.",EffectiveIncomeTaxRateReconciliationAtFederalStatutoryIncomeTaxRate,2022-12-31,0,0000005272-23-000007,2022,FY,10-K,2023-02-17,pure
447800,5272,"American International Group, Inc.",EffectiveIncomeTaxRateReconciliationChangeInDeferredTaxAssetsValuationAllowance,2022-12-31,0,0000005272-23-000007,2022,FY,10-K,2023-02-17,pure
447836,5272,"American International Group, Inc.",EffectiveIncomeTaxRateReconciliationDeductionsDividends,2022-12-31,0,0000005272-23-000007,2022,FY,10-K,2023-02-17,pure
447854,5272,"American International Group, Inc.",EffectiveIncomeTaxRateReconciliationDispositionOfBusiness,2022-12-31,0,0000005272-23-000007,2022,FY,10-K,2023-02-17,pure
447878,5272,"American International Group, Inc.",EffectiveIncomeTaxRateReconciliationForeignIncomeTaxRateDifferential,2022-12-31,0,0000005272-23-000007,2022,FY,10-K,2023-02-17,pure
447896,5272,"American International Group, Inc.",EffectiveIncomeTaxRateReconciliationMinorityInterestIncomeExpense,2022-12-31,0,0000005272-23-000007,2022,FY,10-K,2023-02-17,pure
473233,5272,"American International Group, Inc.",EffectiveIncomeTaxRateReconciliationNondeductibleExpenseOther,2022-12-31,0,0000005272-23-000007,2022,FY,10-K,2023-02-17,pure
473236,5272,"American International Group, Inc.",EffectiveIncomeTaxRateReconciliationNondeductibleExpenseShareBasedCompensationCost,2022-12-31,0,0000005272-23-000007,2022,FY,10-K,2023-02-17,pure
447932,5272,"American International Group, Inc.",EffectiveIncomeTaxRateReconciliationOtherAdjustments,2022-12-31,0,0000005272-23-000007,2022,FY,10-K,2023-02-17,pure
447980,5272,"American International Group, Inc.",EffectiveIncomeTaxRateReconciliationStateAndLocalIncomeTaxes,2022-12-31,0,0000005272-23-000007,2022,FY,10-K,2023-02-17,pure
448016,5272,"American International Group, Inc.",EffectiveIncomeTaxRateReconciliationTaxContingencies,2022-12-31,0,0000005272-23-000007,2022,FY,10-K,2023-02-17,pure
448052,5272,"American International Group, Inc.",EffectiveIncomeTaxRateReconciliationTaxExemptIncome,2022-12-31,0,0000005272-23-000007,2022,FY,10-K,2023-02-17,pure
448061,5272,"American International Group, Inc.",EffectiveIncomeTaxRateReconciliationTaxSettlements,2022-12-31,0,0000005272-23-000007,2022,FY,10-K,2023-02-17,pure
448205,5272,"American International Group, Inc.",EmbeddedDerivativeFairValueOfEmbeddedDerivativeAsset,2022-12-31,2200000000,0000005272-23-000007,2022,FY,10-K,2023-02-17,USD
448249,5272,"American International Group, Inc.",EmbeddedDerivativeFairValueOfEmbeddedDerivativeLiability,2022-12-31,7200000000,0000005272-23-000007,2022,FY,10-K,2023-02-17,USD
448279,5272,"American International Group, Inc.",EmployeeServiceShareBasedCompensationCashFlowEffectCashUsedToSettleAwards,2022-12-31,67000000,0000005272-23-000007,2022,FY,10-K,2023-02-17,USD
448286,5272,"American International Group, Inc.",EmployeeServiceShareBasedCompensationNonvestedAwardsTotalCompensationCostNotYetRecognizedShareBasedAwardsOtherThanOptions,2022-12-31,65000000,0000005272-23-000007,2022,FY,10-K,2023-02-17,USD
473238,5272,"American International Group, Inc.",EquityMethodInvestments,2022-12-31,5963000000,0000005272-23-000007,2022,FY,10-K,2023-02-17,USD
472782,5272,"American International Group, Inc.",EquitySecuritiesFvNiCurrentAndNoncurrent,2022-12-31,575000000,0000005272-23-000007,2022,FY,10-K,2023-02-17,USD
448335,5272,"American International Group, Inc.",EquitySecuritiesFvNiGainLoss,2022-12-31,302000000,0000005272-23-000007,2022,FY,10-K,2023-02-17,USD
448360,5272,"American International Group, Inc.",EquitySecuritiesFvNiRealizedGainLoss,2022-12-31,73000000,0000005272-23-000007,2022,FY,10-K,2023-02-17,USD
448385,5272,"American International Group, Inc.",EquitySecuritiesFvNiUnrealizedGainLoss,2022-12-31,229000000,0000005272-23-000007,2022,FY,10-K,2023-02-17,USD
448426,5272,"American International Group, Inc.",FairValueAssetRecurringBasisStillHeldUnrealizedGainLossOci,2022-12-31,-2683000000,0000005272-23-000007,2022,FY,10-K,2023-02-17,USD
448494,5272,"American International Group, Inc.",FairValueAssetsMeasuredOnRecurringBasisChangeInUnrealizedGainLoss,2022-12-31,154000000,0000005272-23-000007,2022,FY,10-K,2023-02-17,USD
448627,5272,"American International Group, Inc.",FairValueLiabilitiesMeasuredOnRecurringBasisChangeInUnrealizedGainLoss,2022-12-31,11444000000,0000005272-23-000007,2022,FY,10-K,2023-02-17,USD
472801,5272,"American International Group, Inc.",FairValueLiabilityRecurringBasisStillHeldUnrealizedGainLossOci,2022-12-31,0,0000005272-23-000007,2022,FY,10-K,2023-02-17,USD
448641,5272,"American International Group, Inc.",FairValueMeasurementWithUnobservableInputsReconciliationLiabilityTransfersIntoLevel3,2021-12-31,0,0000005272-23-000007,2022,FY,10-K,2023-02-17,USD
448658,5272,"American International Group, Inc.",FairValueMeasurementWithUnobservableInputsReconciliationLiabilityTransfersOutOfLevel3,2021-12-31,2000000,0000005272-23-000007,2022,FY,10-K,2023-02-17,USD
448801,5272,"American International Group, Inc.",FairValueMeasurementWithUnobservableInputsReconciliationRecurringBasisAssetGainLossIncludedInEarnings1,2022-12-31,666000000,0000005272-23-000007,2022,FY,10-K,2023-02-17,USD
448941,5272,"American International Group, Inc.",FairValueMeasurementWithUnobservableInputsReconciliationRecurringBasisAssetGainLossIncludedInOtherComprehensiveIncomeLoss,2022-12-31,-3929000000,0000005272-23-000007,2022,FY,10-K,2023-02-17,USD
449012,5272,"American International Group, Inc.",FairValueMeasurementWithUnobservableInputsReconciliationRecurringBasisAssetIssues,2022-12-31,0,0000005272-23-000007,2022,FY,10-K,2023-02-17,USD
449045,5272,"American International Group, Inc.",FairValueMeasurementWithUnobservableInputsReconciliationRecurringBasisAssetPurchases,2022-12-31,5937000000,0000005272-23-000007,2022,FY,10-K,2023-02-17,USD
449185,5272,"American International Group, Inc.",FairValueMeasurementWithUnobservableInputsReconciliationRecurringBasisAssetPurchasesSalesIssuancesSettlements,2022-12-31,689000000,0000005272-23-000007,2022,FY,10-K,2023-02-17,USD
449219,5272,"American International Group, Inc.",FairValueMeasurementWithUnobservableInputsReconciliationRecurringBasisAssetSales,2022-12-31,1806000000,0000005272-23-000007,2022,FY,10-K,2023-02-17,USD
449253,5272,"American International Group, Inc.",FairValueMeasurementWithUnobservableInputsReconciliationRecurringBasisAssetSettlements,2022-12-31,3442000000,0000005272-23-000007,2022,FY,10-K,2023-02-17,USD
449390,5272,"American International Group, Inc.",FairValueMeasurementWithUnobservableInputsReconciliationRecurringBasisAssetTransfersIntoLevel3,2022-12-31,3785000000,0000005272-23-000007,2022,FY,10-K,2023-02-17,USD
449530,5272,"American International Group, Inc.",FairValueMeasurementWithUnobservableInputsReconciliationRecurringBasisAssetTransfersOutOfLevel3,2022-12-31,4191000000,0000005272-23-000007,2022,FY,10-K,2023-02-17,USD
449750,5272,"American International Group, Inc.",FairValueMeasurementWithUnobservableInputsReconciliationRecurringBasisAssetValue,2022-12-31,28647000000,0000005272-23-000007,2022,FY,10-K,2023-02-17,USD
449774,5272,"American International Group, Inc.",FairValueMeasurementWithUnobservableInputsReconciliationRecurringBasisLiabilityGainLossIncludedInEarnings,2022-12-31,10649000000,0000005272-23-000007,2022,FY,10-K,2023-02-17,USD
449793,5272,"American International Group, Inc.",FairValueMeasurementWithUnobservableInputsReconciliationRecurringBasisLiabilityGainLossIncludedInOtherComprehensiveIncome,2022-12-31,0,0000005272-23-000007,2022,FY,10-K,2023-02-17,USD
472816,5272,"American International Group, Inc.",FairValueMeasurementWithUnobservableInputsReconciliationRecurringBasisLiabilityIssues,2022-12-31,0,0000005272-23-000007,2022,FY,10-K,2023-02-17,USD
472831,5272,"American International Group, Inc.",FairValueMeasurementWithUnobservableInputsReconciliationRecurringBasisLiabilityPurchases,2022-12-31,687000000,0000005272-23-000007,2022,FY,10-K,2023-02-17,USD
449815,5272,"American International Group, Inc.",FairValueMeasurementWithUnobservableInputsReconciliationRecurringBasisLiabilityPurchasesSalesIssuancesSettlements,2022-12-31,33000000,0000005272-23-000007,2022,FY,10-K,2023-02-17,USD
472847,5272,"American International Group, Inc.",FairValueMeasurementWithUnobservableInputsReconciliationRecurringBasisLiabilitySales,2022-12-31,1117000000,0000005272-23-000007,2022,FY,10-K,2023-02-17,USD
472863,5272,"American International Group, Inc.",FairValueMeasurementWithUnobservableInputsReconciliationRecurringBasisLiabilitySettlements,2022-12-31,-463000000,0000005272-23-000007,2022,FY,10-K,2023-02-17,USD
449847,5272,"American International Group, Inc.",FairValueMeasurementWithUnobservableInputsReconciliationsRecurringBasisLiabilityValue,2022-12-31,4386000000,0000005272-23-000007,2022,FY,10-K,2023-02-17,USD
473239,5272,"American International Group, Inc.",FairValueNetDerivativeAssetLiabilityMeasuredOnRecurringBasisUnobservableInputsReconciliationTransfersOutOfLevel3,2022-12-31,5000000,0000005272-23-000007,2022,FY,10-K,2023-02-17,USD
472882,5272,"American International Group, Inc.",FinancingReceivableAllowanceForCreditLossExcludingAccruedInterest,2022-12-31,38351000000,0000005272-23-000007,2022,FY,10-K,2023-02-17,USD
472902,5272,"American International Group, Inc.",FinancingReceivableExcludingAccruedInterestAfterAllowanceForCreditLoss,2022-12-31,49605000000,0000005272-23-000007,2022,FY,10-K,2023-02-17,USD
473196,5272,"American International Group, Inc.",FinancingReceivableExcludingAccruedInterestAllowanceForCreditLossWriteoff,2022-12-31,17000000,0000005272-23-000007,2022,FY,10-K,2023-02-17,USD
473203,5272,"American International Group, Inc.",FinancingReceivableExcludingAccruedInterestAllowanceForCreditLossWriteoffAfterRecovery,2022-12-31,17000000,0000005272-23-000007,2022,FY,10-K,2023-02-17,USD
472912,5272,"American International Group, Inc.",FinancingReceivableExcludingAccruedInterestBeforeAllowanceForCreditLoss,2022-12-31,50321000000,0000005272-23-000007,2022,FY,10-K,2023-02-17,USD
473210,5272,"American International Group, Inc.",FinancingReceivableExcludingAccruedInterestCreditLossExpenseReversal,2022-12-31,104000000,0000005272-23-000007,2022,FY,10-K,2023-02-17,USD
450195,5272,"American International Group, Inc.",FinancingReceivableModificationsRecordedInvestment,2022-12-31,219000000,0000005272-23-000007,2022,FY,10-K,2023-02-17,USD
450384,5272,"American International Group, Inc.",FundsHeldUnderReinsuranceAgreementsLiability,2022-12-31,30383000000,0000005272-23-000007,2022,FY,10-K,2023-02-17,USD
450485,5272,"American International Group, Inc.",GainLossOnInvestments,2022-12-31,8991000000,0000005272-23-000007,2022,FY,10-K,2023-02-17,USD
450883,5272,"American International Group, Inc.",GainsLossesOnExtinguishmentOfDebt,2022-12-31,-303000000,0000005272-23-000007,2022,FY,10-K,2023-02-17,USD
450939,5272,"American International Group, Inc.",Goodwill,2022-12-31,3927000000,0000005272-23-000007,2022,FY,10-K,2023-02-17,USD
450998,5272,"American International Group, Inc.",GoodwillGross,2022-12-31,7404000000,0000005272-23-000007,2022,FY,10-K,2023-02-17,USD
451038,5272,"American International Group, Inc.",GoodwillImpairedAccumulatedImpairmentLoss,2022-12-31,3477000000,0000005272-23-000007,2022,FY,10-K,2023-02-17,USD
451067,5272,"American International Group, Inc.",GoodwillOtherIncreaseDecrease,2022-12-31,-129000000,0000005272-23-000007,2022,FY,10-K,2023-02-17,USD
451156,5272,"American International Group, Inc.",HybridInstrumentsAtFairValueNet,2021-12-31,2000000000,0000005272-23-000007,2022,FY,10-K,2023-02-17,USD
451536,5272,"American International Group, Inc.",IncomeLossFromContinuingOperationsAttributableToNoncontrollingEntity,2022-12-31,999000000,0000005272-23-000007,2022,FY,10-K,2023-02-17,USD
451575,5272,"American International Group, Inc.",IncomeLossFromContinuingOperationsBeforeIncomeTaxesDomestic,2022-12-31,12432000000,0000005272-23-000007,2022,FY,10-K,2023-02-17,USD
451792,5272,"American International Group, Inc.",IncomeLossFromContinuingOperationsBeforeIncomeTaxesExtraordinaryItemsNoncontrollingInterest,2022-12-31,14282000000,0000005272-23-000007,2022,FY,10-K,2023-02-17,USD
451831,5272,"American International Group, Inc.",IncomeLossFromContinuingOperationsBeforeIncomeTaxesForeign,2022-12-31,1850000000,0000005272-23-000007,2022,FY,10-K,2023-02-17,USD
452014,5272,"American International Group, Inc.",IncomeLossFromContinuingOperationsIncludingPortionAttributableToNoncontrollingInterest,2022-12-31,11276000000,0000005272-23-000007,2022,FY,10-K,2023-02-17,USD
452260,5272,"American International Group, Inc.",IncomeLossFromContinuingOperationsPerBasicShare,2022-12-31,13,0000005272-23-000007,2022,FY,10-K,2023-02-17,USD/shares
452498,5272,"American International Group, Inc.",IncomeLossFromContinuingOperationsPerDilutedShare,2022-12-31,13,0000005272-23-000007,2022,FY,10-K,2023-02-17,USD/shares
452744,5272,"American International Group, Inc.",IncomeLossFromDiscontinuedOperationsNetOfTax,2022-12-31,-1000000,0000005272-23-000007,2022,FY,10-K,2023-02-17,USD
453049,5272,"American International Group, Inc.",IncomeLossFromDiscontinuedOperationsNetOfTaxPerBasicShare,2022-12-31,0,0000005272-23-000007,2022,FY,10-K,2023-02-17,USD/shares
453279,5272,"American International Group, Inc.",IncomeLossFromDiscontinuedOperationsNetOfTaxPerDilutedShare,2022-12-31,0,0000005272-23-000007,2022,FY,10-K,2023-02-17,USD/shares
453404,5272,"American International Group, Inc.",IncomeLossFromEquityMethodInvestmentsNetOfDividendsOrDistributions,2022-12-31,164000000,0000005272-23-000007,2022,FY,10-K,2023-02-17,USD
453643,5272,"American International Group, Inc.",IncomeTaxExpenseBenefit,2022-12-31,3006000000,0000005272-23-000007,2022,FY,10-K,2023-02-17,USD
453833,5272,"American International Group, Inc.",IncomeTaxReconciliationChangeInDeferredTaxAssetsValuationAllowance,2022-12-31,-25000000,0000005272-23-000007,2022,FY,10-K,2023-02-17,USD
453874,5272,"American International Group, Inc.",IncomeTaxReconciliationDeductionsDividends,2022-12-31,36000000,0000005272-23-000007,2022,FY,10-K,2023-02-17,USD
453893,5272,"American International Group, Inc.",IncomeTaxReconciliationDispositionOfBusiness,2022-12-31,0,0000005272-23-000007,2022,FY,10-K,2023-02-17,USD
453917,5272,"American International Group, Inc.",IncomeTaxReconciliationForeignIncomeTaxRateDifferential,2022-12-31,149000000,0000005272-23-000007,2022,FY,10-K,2023-02-17,USD
453953,5272,"American International Group, Inc.",IncomeTaxReconciliationIncomeTaxExpenseBenefitAtFederalStatutoryIncomeTaxRate,2022-12-31,2999000000,0000005272-23-000007,2022,FY,10-K,2023-02-17,USD
453972,5272,"American International Group, Inc.",IncomeTaxReconciliationMinorityInterestIncomeExpense,2022-12-31,-31000000,0000005272-23-000007,2022,FY,10-K,2023-02-17,USD
473244,5272,"American International Group, Inc.",IncomeTaxReconciliationNondeductibleExpenseOther,2022-12-31,12000000,0000005272-23-000007,2022,FY,10-K,2023-02-17,USD
473247,5272,"American International Group, Inc.",IncomeTaxReconciliationNondeductibleExpenseShareBasedCompensationCost,2022-12-31,-19000000,0000005272-23-000007,2022,FY,10-K,2023-02-17,USD
454008,5272,"American International Group, Inc.",IncomeTaxReconciliationOtherAdjustments,2022-12-31,40000000,0000005272-23-000007,2022,FY,10-K,2023-02-17,USD
454072,5272,"American International Group, Inc.",IncomeTaxReconciliationStateAndLocalIncomeTaxes,2022-12-31,33000000,0000005272-23-000007,2022,FY,10-K,2023-02-17,USD
454108,5272,"American International Group, Inc.",IncomeTaxReconciliationTaxContingencies,2022-12-31,-17000000,0000005272-23-000007,2022,FY,10-K,2023-02-17,USD
454144,5272,"American International Group, Inc.",IncomeTaxReconciliationTaxExemptIncome,2022-12-31,-18000000,0000005272-23-000007,2022,FY,10-K,2023-02-17,USD
454153,5272,"American International Group, Inc.",IncomeTaxReconciliationTaxSettlements,2022-12-31,0,0000005272-23-000007,2022,FY,10-K,2023-02-17,USD
453772,5272,"American International Group, Inc.",IncomeTaxesPaidNet,2022-12-31,746000000,0000005272-23-000007,2022,FY,10-K,2023-02-17,USD
454288,5272,"American International Group, Inc.",IncreaseDecreaseInDeferredPolicyAcquisitionCosts,2022-12-31,4649000000,0000005272-23-000007,2022,FY,10-K,2023-02-17,USD
472930,5272,"American International Group, Inc.",IncreaseDecreaseInEquitySecuritiesFvNi,2022-12-31,-53000000,0000005272-23-000007,2022,FY,10-K,2023-02-17,USD
454347,5272,"American International Group, Inc.",IncreaseDecreaseInLiabilityForClaimsAndClaimsAdjustmentExpenseReserve,2022-12-31,-2332000000,0000005272-23-000007,2022,FY,10-K,2023-02-17,USD
454437,5272,"American International Group, Inc.",IncreaseDecreaseInOtherOperatingCapitalNet,2022-12-31,-340000000,0000005272-23-000007,2022,FY,10-K,2023-02-17,USD
454683,5272,"American International Group, Inc.",InsuranceCommissionsAndFees,2022-12-31,2972000000,0000005272-23-000007,2022,FY,10-K,2023-02-17,USD
454910,5272,"American International Group, Inc.",InterestCreditedToPolicyholdersAccountBalances,2022-12-31,3709000000,0000005272-23-000007,2022,FY,10-K,2023-02-17,USD
455088,5272,"American International Group, Inc.",InterestExpense,2022-12-31,1125000000,0000005272-23-000007,2022,FY,10-K,2023-02-17,USD
455239,5272,"American International Group, Inc.",InterestPaidNet,2022-12-31,1127000000,0000005272-23-000007,2022,FY,10-K,2023-02-17,USD
455385,5272,"American International Group, Inc.",InvestmentIncomeInvestmentExpense,2022-12-31,651000000,0000005272-23-000007,2022,FY,10-K,2023-02-17,USD
455496,5272,"American International Group, Inc.",Investments,2022-12-31,309150000000,0000005272-23-000007,2022,FY,10-K,2023-02-17,USD
472939,5272,"American International Group, Inc.",InvestmentsFairValueDisclosure,2022-12-31,5060000000,0000005272-23-000007,2022,FY,10-K,2023-02-17,USD
455519,5272,"American International Group, Inc.",LesseeOperatingLeaseLiabilityPaymentsDue,2022-12-31,1279000000,0000005272-23-000007,2022,FY,10-K,2023-02-17,USD
455523,5272,"American International Group, Inc.",LesseeOperatingLeaseLiabilityPaymentsDueAfterYearFive,2022-12-31,647000000,0000005272-23-000007,2022,FY,10-K,2023-02-17,USD
455527,5272,"American International Group, Inc.",LesseeOperatingLeaseLiabilityPaymentsDueNextTwelveMonths,2022-12-31,194000000,0000005272-23-000007,2022,FY,10-K,2023-02-17,USD
455531,5272,"American International Group, Inc.",LesseeOperatingLeaseLiabilityPaymentsDueYearFive,2022-12-31,82000000,0000005272-23-000007,2022,FY,10-K,2023-02-17,USD
455535,5272,"American International Group, Inc.",LesseeOperatingLeaseLiabilityPaymentsDueYearFour,2022-12-31,88000000,0000005272-23-000007,2022,FY,10-K,2023-02-17,USD
455539,5272,"American International Group, Inc.",LesseeOperatingLeaseLiabilityPaymentsDueYearThree,2022-12-31,113000000,0000005272-23-000007,2022,FY,10-K,2023-02-17,USD
455543,5272,"American International Group, Inc.",LesseeOperatingLeaseLiabilityPaymentsDueYearTwo,2022-12-31,155000000,0000005272-23-000007,2022,FY,10-K,2023-02-17,USD
455546,5272,"American International Group, Inc.",LesseeOperatingLeaseLiabilityUndiscountedExcessAmount,2022-12-31,228000000,0000005272-23-000007,2022,FY,10-K,2023-02-17,USD
455671,5272,"American International Group, Inc.",Liabilities,2022-12-31,484399000000,0000005272-23-000007,2022,FY,10-K,2023-02-17,USD
455783,5272,"American International Group, Inc.",LiabilitiesAndStockholdersEquity,2022-12-31,526634000000,0000005272-23-000007,2022,FY,10-K,2023-02-17,USD
455990,5272,"American International Group, Inc.",LiabilityForClaimsAndClaimsAdjustmentExpense,2022-12-31,75167000000,0000005272-23-000007,2022,FY,10-K,2023-02-17,USD
456125,5272,"American International Group, Inc.",LiabilityForFuturePolicyBenefits,2022-12-31,59223000000,0000005272-23-000007,2022,FY,10-K,2023-02-17,USD
456318,5272,"American International Group, Inc.",LiabilityForUnpaidClaimsAndClaimsAdjustmentExpenseClaimsPaidCurrentYear1,2022-12-31,4011000000,0000005272-23-000007,2022,FY,10-K,2023-02-17,USD
456420,5272,"American International Group, Inc.",LiabilityForUnpaidClaimsAndClaimsAdjustmentExpenseClaimsPaidPriorYears1,2022-12-31,11066000000,0000005272-23-000007,2022,FY,10-K,2023-02-17,USD
456507,5272,"American International Group, Inc.",LiabilityForUnpaidClaimsAndClaimsAdjustmentExpenseForeignCurrencyTranslationGainLoss,2022-12-31,-1463000000,0000005272-23-000007,2022,FY,10-K,2023-02-17,USD
456612,5272,"American International Group, Inc.",LiabilityForUnpaidClaimsAndClaimsAdjustmentExpenseIncurredClaims1,2022-12-31,15047000000,0000005272-23-000007,2022,FY,10-K,2023-02-17,USD
456782,5272,"American International Group, Inc.",LiabilityForUnpaidClaimsAndClaimsAdjustmentExpenseNet,2022-12-31,43065000000,0000005272-23-000007,2022,FY,10-K,2023-02-17,USD
456793,5272,"American International Group, Inc.",LifePremiumsAsPercentageOfGrossPremiums,2022-12-31,0,0000005272-23-000007,2022,FY,10-K,2023-02-17,pure
457317,5272,"American International Group, Inc.",LongTermDebt,2022-12-31,27179000000,0000005272-23-000007,2022,FY,10-K,2023-02-17,USD
457569,5272,"American International Group, Inc.",MinorityInterest,2022-12-31,2233000000,0000005272-23-000007,2022,FY,10-K,2023-02-17,USD
457697,5272,"American International Group, Inc.",MinorityInterestDecreaseFromDistributionsToNoncontrollingInterestHolders,2022-12-31,284000000,0000005272-23-000007,2022,FY,10-K,2023-02-17,USD
457880,5272,"American International Group, Inc.",NetCashProvidedByUsedInFinancingActivities,2022-12-31,-676000000,0000005272-23-000007,2022,FY,10-K,2023-02-17,USD
458043,5272,"American International Group, Inc.",NetCashProvidedByUsedInInvestingActivities,2022-12-31,-3626000000,0000005272-23-000007,2022,FY,10-K,2023-02-17,USD
458206,5272,"American International Group, Inc.",NetCashProvidedByUsedInOperatingActivities,2022-12-31,4207000000,0000005272-23-000007,2022,FY,10-K,2023-02-17,USD
458494,5272,"American International Group, Inc.",NetIncomeLoss,2022-12-31,10276000000,0000005272-23-000007,2022,FY,10-K,2023-02-17,USD
458747,5272,"American International Group, Inc.",NetIncomeLossAvailableToCommonStockholdersBasic,2022-12-31,10247000000,0000005272-23-000007,2022,FY,10-K,2023-02-17,USD
472955,5272,"American International Group, Inc.",NetIncomeLossFromContinuingOperationsAvailableToCommonShareholdersBasic,2022-12-31,10248000000,0000005272-23-000007,2022,FY,10-K,2023-02-17,USD
458925,5272,"American International Group, Inc.",NetInvestmentIncome,2022-12-31,11767000000,0000005272-23-000007,2022,FY,10-K,2023-02-17,USD
472971,5272,"American International Group, Inc.",NoncontrollingInterestIncreaseFromSubsidiaryEquityIssuance,2022-12-31,133000000,0000005272-23-000007,2022,FY,10-K,2023-02-17,USD
472977,5272,"American International Group, Inc.",NotesReceivableRelatedParties,2021-11-01,8300000000,0000005272-23-000007,2022,FY,10-K,2023-02-17,USD
459226,5272,"American International Group, Inc.",OperatingLeaseExpense,2022-12-31,190000000,0000005272-23-000007,2022,FY,10-K,2023-02-17,USD
473249,5272,"American International Group, Inc.",OperatingLeaseLeaseIncomeLeasePayments,2022-12-31,205000000,0000005272-23-000007,2022,FY,10-K,2023-02-17,USD
459236,5272,"American International Group, Inc.",OperatingLeaseLiability,2022-12-31,1051000000,0000005272-23-000007,2022,FY,10-K,2023-02-17,USD
459250,5272,"American International Group, Inc.",OperatingLeaseRightOfUseAsset,2022-12-31,880000000,0000005272-23-000007,2022,FY,10-K,2023-02-17,USD
459385,5272,"American International Group, Inc.",OperatingLeaseWeightedAverageDiscountRatePercent,2022-12-31,0,0000005272-23-000007,2022,FY,10-K,2023-02-17,pure
459397,5272,"American International Group, Inc.",OperatingLossCarryforwards,2022-12-31,24804000000,0000005272-23-000007,2022,FY,10-K,2023-02-17,USD
459509,5272,"American International Group, Inc.",OtherAssets,2022-12-31,12714000000,0000005272-23-000007,2022,FY,10-K,2023-02-17,USD
472984,5272,"American International Group, Inc.",OtherCommitment,2022-12-31,6600000000,0000005272-23-000007,2022,FY,10-K,2023-02-17,USD
459663,5272,"American International Group, Inc.",OtherComprehensiveIncomeDefinedBenefitPlanNetPriorServiceCostCreditArisingDuringPeriodBeforeTax,2022-12-31,-8000000,0000005272-23-000007,2022,FY,10-K,2023-02-17,USD
460379,5272,"American International Group, Inc.",OtherComprehensiveIncomeLossFinancialLiabilityFairValueOptionAfterTaxAndReclassificationAdjustment,2022-12-31,-6000000,0000005272-23-000007,2022,FY,10-K,2023-02-17,USD
460443,5272,"American International Group, Inc.",OtherComprehensiveIncomeLossFinancialLiabilityFairValueOptionUnrealizedGainLossArisingDuringPeriodBeforeTax,2022-12-31,-6000000,0000005272-23-000007,2022,FY,10-K,2023-02-17,USD
460556,5272,"American International Group, Inc.",OtherComprehensiveIncomeLossForeignCurrencyTransactionAndTranslationAdjustmentBeforeTax,2022-12-31,-470000000,0000005272-23-000007,2022,FY,10-K,2023-02-17,USD
460697,5272,"American International Group, Inc.",OtherComprehensiveIncomeLossForeignCurrencyTransactionAndTranslationAdjustmentNetOfTax,2022-12-31,-514000000,0000005272-23-000007,2022,FY,10-K,2023-02-17,USD
460888,5272,"American International Group, Inc.",OtherComprehensiveIncomeLossNetOfTax,2022-12-31,-33402000000,0000005272-23-000007,2022,FY,10-K,2023-02-17,USD
461197,5272,"American International Group, Inc.",OtherComprehensiveIncomeLossPensionAndOtherPostretirementBenefitPlansAdjustmentNetOfTax,2022-12-31,20000000,0000005272-23-000007,2022,FY,10-K,2023-02-17,USD
461274,5272,"American International Group, Inc.",OtherComprehensiveIncomeLossPensionAndOtherPostretirementBenefitPlansNetUnamortizedGainLossArisingDuringPeriodBeforeTax,2022-12-31,-31000000,0000005272-23-000007,2022,FY,10-K,2023-02-17,USD
461600,5272,"American International Group, Inc.",OtherComprehensiveIncomeUnrealizedHoldingGainLossOnSecuritiesArisingDuringPeriodBeforeTax,2022-12-31,-47766000000,0000005272-23-000007,2022,FY,10-K,2023-02-17,USD
461849,5272,"American International Group, Inc.",OtherIncome,2022-12-31,850000000,0000005272-23-000007,2022,FY,10-K,2023-02-17,USD
473251,5272,"American International Group, Inc.",OtherIntangibleAssetsNet,2022-12-31,704000000,0000005272-23-000007,2022,FY,10-K,2023-02-17,USD
461958,5272,"American International Group, Inc.",OtherInvestments,2022-12-31,15953000000,0000005272-23-000007,2022,FY,10-K,2023-02-17,USD
472994,5272,"American International Group, Inc.",OtherInvestmentsAndSecuritiesAtCost,2022-12-31,1991000000,0000005272-23-000007,2022,FY,10-K,2023-02-17,USD
462070,5272,"American International Group, Inc.",OtherLiabilities,2022-12-31,26456000000,0000005272-23-000007,2022,FY,10-K,2023-02-17,USD
473012,5272,"American International Group, Inc.",OtherNonrecurringExpense,2022-12-31,37000000,0000005272-23-000007,2022,FY,10-K,2023-02-17,USD
473029,5272,"American International Group, Inc.",OtherOperatingIncomeExpenseNet,2022-12-31,-29000000,0000005272-23-000007,2022,FY,10-K,2023-02-17,USD
462372,5272,"American International Group, Inc.",OtherPolicyholderFunds,2022-12-31,3909000000,0000005272-23-000007,2022,FY,10-K,2023-02-17,USD
462449,5272,"American International Group, Inc.",OtherShortTermInvestments,2022-12-31,12376000000,0000005272-23-000007,2022,FY,10-K,2023-02-17,USD
463051,5272,"American International Group, Inc.",ParticipatingPoliciesAsPercentageOfGrossInsuranceInForce,2022-12-31,0,0000005272-23-000007,2022,FY,10-K,2023-02-17,pure
463140,5272,"American International Group, Inc.",PaymentsForLossesAndLossAdjustmentExpense,2022-12-31,15077000000,0000005272-23-000007,2022,FY,10-K,2023-02-17,USD
463265,5272,"American International Group, Inc.",PaymentsForProceedsFromOtherInvestingActivities,2022-12-31,443000000,0000005272-23-000007,2022,FY,10-K,2023-02-17,USD
473041,5272,"American International Group, Inc.",PaymentsForProceedsFromShortTermInvestments,2022-12-31,-595000000,0000005272-23-000007,2022,FY,10-K,2023-02-17,USD
463361,5272,"American International Group, Inc.",PaymentsForRepurchaseOfCommonStock,2022-12-31,5200000000,0000005272-23-000007,2022,FY,10-K,2023-02-17,USD
463500,5272,"American International Group, Inc.",PaymentsOfDividendsCommonStock,2022-12-31,982000000,0000005272-23-000007,2022,FY,10-K,2023-02-17,USD
463538,5272,"American International Group, Inc.",PaymentsOfDividendsPreferredStockAndPreferenceStock,2022-12-31,29000000,0000005272-23-000007,2022,FY,10-K,2023-02-17,USD
463673,5272,"American International Group, Inc.",PaymentsToAcquireAvailableForSaleSecuritiesDebt,2022-12-31,38885000000,0000005272-23-000007,2022,FY,10-K,2023-02-17,USD
473054,5272,"American International Group, Inc.",PaymentsToAcquireMortgageNotesReceivable,2022-12-31,14364000000,0000005272-23-000007,2022,FY,10-K,2023-02-17,USD
463909,5272,"American International Group, Inc.",PaymentsToAcquireOtherInvestments,2022-12-31,2346000000,0000005272-23-000007,2022,FY,10-K,2023-02-17,USD
463945,5272,"American International Group, Inc.",PaymentsToAcquireProductiveAssets,2022-12-31,210000000,0000005272-23-000007,2022,FY,10-K,2023-02-17,USD
464013,5272,"American International Group, Inc.",PaymentsToAcquireTradingSecuritiesHeldforinvestment,2022-12-31,3714000000,0000005272-23-000007,2022,FY,10-K,2023-02-17,USD
464246,5272,"American International Group, Inc.",PolicyholderBenefitsAndClaimsIncurredNet,2022-12-31,22771000000,0000005272-23-000007,2022,FY,10-K,2023-02-17,USD
464359,5272,"American International Group, Inc.",PolicyholderContractDeposits,2022-12-31,158891000000,0000005272-23-000007,2022,FY,10-K,2023-02-17,USD
464417,5272,"American International Group, Inc.",PreferredStockDividendsIncomeStatementImpact,2022-12-31,29000000,0000005272-23-000007,2022,FY,10-K,2023-02-17,USD
473257,5272,"American International Group, Inc.",PreferredStockDividendsPerShareDeclared,2022-12-31,366,0000005272-23-000007,2022,FY,10-K,2023-02-17,USD/shares
464454,5272,"American International Group, Inc.",PreferredStockIncludingAdditionalPaidInCapital,2022-12-31,485000000,0000005272-23-000007,2022,FY,10-K,2023-02-17,USD
473062,5272,"American International Group, Inc.",PreferredStockLiquidationPreferenceValue,2022-12-31,500000000,0000005272-23-000007,2022,FY,10-K,2023-02-17,USD
464517,5272,"American International Group, Inc.",PreferredStockParOrStatedValuePerShare,2022-12-31,5,0000005272-23-000007,2022,FY,10-K,2023-02-17,USD/shares
464553,5272,"American International Group, Inc.",PreferredStockSharesAuthorized,2022-12-31,100000000,0000005272-23-000007,2022,FY,10-K,2023-02-17,shares
464589,5272,"American International Group, Inc.",PreferredStockSharesIssued,2022-12-31,20000,0000005272-23-000007,2022,FY,10-K,2023-02-17,shares
464704,5272,"American International Group, Inc.",PremiumsAndOtherReceivablesNet,2022-12-31,13243000000,0000005272-23-000007,2022,FY,10-K,2023-02-17,USD
464883,5272,"American International Group, Inc.",PremiumsEarnedNet,2022-12-31,31857000000,0000005272-23-000007,2022,FY,10-K,2023-02-17,USD
465027,5272,"American International Group, Inc.",ProceedsFromDivestitureOfBusinessesNetOfCashDivested,2022-12-31,0,0000005272-23-000007,2022,FY,10-K,2023-02-17,USD
465117,5272,"American International Group, Inc.",ProceedsFromIssuanceOfLongTermDebt,2022-12-31,7477000000,0000005272-23-000007,2022,FY,10-K,2023-02-17,USD
465350,5272,"American International Group, Inc.",ProceedsFromMaturitiesPrepaymentsAndCallsOfAvailableForSaleSecurities,2022-12-31,18485000000,0000005272-23-000007,2022,FY,10-K,2023-02-17,USD
465525,5272,"American International Group, Inc.",ProceedsFromPaymentsForOtherFinancingActivities,2022-12-31,545000000,0000005272-23-000007,2022,FY,10-K,2023-02-17,USD
473075,5272,"American International Group, Inc.",ProceedsFromSaleAndCollectionOfMortgageNotesReceivable,2022-12-31,9435000000,0000005272-23-000007,2022,FY,10-K,2023-02-17,USD
465687,5272,"American International Group, Inc.",ProceedsFromSaleAndMaturityOfOtherInvestments,2022-12-31,2891000000,0000005272-23-000007,2022,FY,10-K,2023-02-17,USD
465888,5272,"American International Group, Inc.",ProceedsFromSaleOfAvailableForSaleSecuritiesDebt,2022-12-31,21660000000,0000005272-23-000007,2022,FY,10-K,2023-02-17,USD
465960,5272,"American International Group, Inc.",ProceedsFromSaleOfTradingSecuritiesHeldforinvestment,2022-12-31,3060000000,0000005272-23-000007,2022,FY,10-K,2023-02-17,USD
465970,5272,"American International Group, Inc.",ProceedsFromShortTermDebt,2022-12-31,1500000000,0000005272-23-000007,2022,FY,10-K,2023-02-17,USD
473261,5272,"American International Group, Inc.",ProceedsFromStockOptionsExercised,2022-12-31,68000000,0000005272-23-000007,2022,FY,10-K,2023-02-17,USD
466219,5272,"American International Group, Inc.",ProfitLoss,2022-12-31,11275000000,0000005272-23-000007,2022,FY,10-K,2023-02-17,USD
466270,5272,"American International Group, Inc.",PropertyPlantAndEquipmentNet,2022-12-31,1593000000,0000005272-23-000007,2022,FY,10-K,2023-02-17,USD
473083,5272,"American International Group, Inc.",RealEstateInvestmentPropertyAccumulatedDepreciation,2022-12-31,786000000,0000005272-23-000007,2022,FY,10-K,2023-02-17,USD
473093,5272,"American International Group, Inc.",RealEstateInvestmentPropertyNet,2022-12-31,2153000000,0000005272-23-000007,2022,FY,10-K,2023-02-17,USD
466547,5272,"American International Group, Inc.",RealizedInvestmentGainsLosses,2022-12-31,8991000000,0000005272-23-000007,2022,FY,10-K,2023-02-17,USD
466719,5272,"American International Group, Inc.",ReinsuranceLossOnUncollectibleAccountsInPeriodAmount,2022-12-31,5000000,0000005272-23-000007,2022,FY,10-K,2023-02-17,USD
466780,5272,"American International Group, Inc.",ReinsuranceRecoverableAllowanceForCreditLossRecovery,2022-12-31,2000000,0000005272-23-000007,2022,FY,10-K,2023-02-17,USD
466816,5272,"American International Group, Inc.",ReinsuranceRecoverableCreditLossExpenseReversal,2022-12-31,-39000000,0000005272-23-000007,2022,FY,10-K,2023-02-17,USD
466952,5272,"American International Group, Inc.",ReinsuranceRecoverableForUnpaidClaimsAndClaimsAdjustments,2022-12-31,32102000000,0000005272-23-000007,2022,FY,10-K,2023-02-17,USD
467062,5272,"American International Group, Inc.",ReinsuranceRecoverablesAllowance,2022-12-31,344000000,0000005272-23-000007,2022,FY,10-K,2023-02-17,USD
467082,5272,"American International Group, Inc.",ReinsuranceRecoverablesGross,2022-12-31,73700000000,0000005272-23-000007,2022,FY,10-K,2023-02-17,USD
467150,5272,"American International Group, Inc.",RepaymentsOfLongTermDebt,2022-12-31,9455000000,0000005272-23-000007,2022,FY,10-K,2023-02-17,USD
467339,5272,"American International Group, Inc.",RestrictedInvestmentsCurrent,2022-12-31,301000000,0000005272-23-000007,2022,FY,10-K,2023-02-17,USD
467348,5272,"American International Group, Inc.",RestrictedStockExpense,2022-12-31,21000000,0000005272-23-000007,2022,FY,10-K,2023-02-17,USD
467396,5272,"American International Group, Inc.",RestructuringCharges,2022-12-31,570000000,0000005272-23-000007,2022,FY,10-K,2023-02-17,USD
467637,5272,"American International Group, Inc.",RetainedEarningsAccumulatedDeficit,2022-12-31,33032000000,0000005272-23-000007,2022,FY,10-K,2023-02-17,USD
467880,5272,"American International Group, Inc.",Revenues,2022-12-31,56437000000,0000005272-23-000007,2022,FY,10-K,2023-02-17,USD
467905,5272,"American International Group, Inc.",ScheduleOfFairValueOfSeparateAccountsByMajorCategoryOfInvestmentFairValue,2022-12-31,78299000000,0000005272-23-000007,2022,FY,10-K,2023-02-17,USD
473100,5272,"American International Group, Inc.",SecuritiesForReverseRepurchaseAgreements,2021-12-31,1900000000,0000005272-23-000007,2022,FY,10-K,2023-02-17,USD
467934,5272,"American International Group, Inc.",SecuritiesLoanedFairValueOfCollateral,2022-12-31,0,0000005272-23-000007,2022,FY,10-K,2023-02-17,USD
468031,5272,"American International Group, Inc.",SecuritiesReceivedAsCollateral,2022-12-31,0,0000005272-23-000007,2022,FY,10-K,2023-02-17,USD
473108,5272,"American International Group, Inc.",SecuritiesSoldUnderAgreementsToRepurchaseFairValueOfCollateral,2022-12-31,2968000000,0000005272-23-000007,2022,FY,10-K,2023-02-17,USD
468222,5272,"American International Group, Inc.",SellingGeneralAndAdministrativeExpense,2022-12-31,9195000000,0000005272-23-000007,2022,FY,10-K,2023-02-17,USD
468331,5272,"American International Group, Inc.",SeparateAccountAssets,2022-12-31,84853000000,0000005272-23-000007,2022,FY,10-K,2023-02-17,USD
468445,5272,"American International Group, Inc.",SeparateAccountsLiability,2022-12-31,84853000000,0000005272-23-000007,2022,FY,10-K,2023-02-17,USD
468459,5272,"American International Group, Inc.",ShareBasedCompensationArrangementByShareBasedPaymentAwardOptionsExercisableNumber,2022-12-31,5353091,0000005272-23-000007,2022,FY,10-K,2023-02-17,shares
468469,5272,"American International Group, Inc.",ShareBasedCompensationArrangementByShareBasedPaymentAwardOptionsExercisableWeightedAverageExercisePrice,2022-12-31,50,0000005272-23-000007,2022,FY,10-K,2023-02-17,USD/shares
473262,5272,"American International Group, Inc.",ShareBasedCompensationArrangementByShareBasedPaymentAwardOptionsForfeituresAndExpirationsInPeriod,2022-12-31,48254,0000005272-23-000007,2022,FY,10-K,2023-02-17,shares
473263,5272,"American International Group, Inc.",ShareBasedCompensationArrangementByShareBasedPaymentAwardOptionsForfeituresAndExpirationsInPeriodWeightedAverageExercisePrice,2022-12-31,55,0000005272-23-000007,2022,FY,10-K,2023-02-17,USD/shares
468482,5272,"American International Group, Inc.",ShareBasedCompensationArrangementByShareBasedPaymentAwardOptionsGrantsInPeriodGross,2022-12-31,1436075,0000005272-23-000007,2022,FY,10-K,2023-02-17,shares
468488,5272,"American International Group, Inc.",ShareBasedCompensationArrangementByShareBasedPaymentAwardOptionsOutstandingIntrinsicValue,2022-12-31,186000000,0000005272-23-000007,2022,FY,10-K,2023-02-17,USD
468500,5272,"American International Group, Inc.",ShareBasedCompensationArrangementByShareBasedPaymentAwardOptionsOutstandingNumber,2022-12-31,12893412,0000005272-23-000007,2022,FY,10-K,2023-02-17,shares
468512,5272,"American International Group, Inc.",ShareBasedCompensationArrangementByShareBasedPaymentAwardOptionsOutstandingWeightedAverageExercisePrice,2022-12-31,49,0000005272-23-000007,2022,FY,10-K,2023-02-17,USD/shares
468518,5272,"American International Group, Inc.",ShareBasedCompensationArrangementsByShareBasedPaymentAwardOptionsExercisesInPeriodWeightedAverageExercisePrice,2022-12-31,45,0000005272-23-000007,2022,FY,10-K,2023-02-17,USD/shares
468531,5272,"American International Group, Inc.",ShareBasedCompensationArrangementsByShareBasedPaymentAwardOptionsGrantsInPeriodWeightedAverageExercisePrice,2022-12-31,62,0000005272-23-000007,2022,FY,10-K,2023-02-17,USD/shares
468537,5272,"American International Group, Inc.",SharebasedCompensationArrangementBySharebasedPaymentAwardOptionsExercisableIntrinsicValue1,2022-12-31,70000000,0000005272-23-000007,2022,FY,10-K,2023-02-17,USD
468601,5272,"American International Group, Inc.",ShortTermBorrowings,2022-12-31,1500000000,0000005272-23-000007,2022,FY,10-K,2023-02-17,USD
469188,5272,"American International Group, Inc.",StockIssuedDuringPeriodSharesStockOptionsExercised,2022-12-31,1515836,0000005272-23-000007,2022,FY,10-K,2023-02-17,shares
473117,5272,"American International Group, Inc.",StockIssuedDuringPeriodSharesTreasuryStockReissued,2022-12-31,5500000,0000005272-23-000007,2022,FY,10-K,2023-02-17,shares
469298,5272,"American International Group, Inc.",StockIssuedDuringPeriodValueTreasuryStockReissued,2022-12-31,-74000000,0000005272-23-000007,2022,FY,10-K,2023-02-17,USD
469396,5272,"American International Group, Inc.",StockRepurchaseProgramAuthorizedAmount1,2022-05-03,6500000000,0000005272-23-000007,2022,FY,10-K,2023-02-17,USD
469423,5272,"American International Group, Inc.",StockRepurchaseProgramRemainingAuthorizedRepurchaseAmount1,2022-05-03,1500000000,0000005272-23-000007,2022,FY,10-K,2023-02-17,USD
468751,5272,"American International Group, Inc.",StockholdersEquity,2022-12-31,40002000000,0000005272-23-000007,2022,FY,10-K,2023-02-17,USD
468976,5272,"American International Group, Inc.",StockholdersEquityIncludingPortionAttributableToNoncontrollingInterest,2022-12-31,42235000000,0000005272-23-000007,2022,FY,10-K,2023-02-17,USD
469114,5272,"American International Group, Inc.",StockholdersEquityOther,2022-12-31,-221000000,0000005272-23-000007,2022,FY,10-K,2023-02-17,USD
469436,5272,"American International Group, Inc.",SummaryOfInvestmentsOtherThanInvestmentsInRelatedPartiesCarryingAmount,2022-12-31,309664000000,0000005272-23-000007,2022,FY,10-K,2023-02-17,USD
469447,5272,"American International Group, Inc.",SummaryOfInvestmentsOtherThanInvestmentsInRelatedPartiesCost,2022-12-31,340287000000,0000005272-23-000007,2022,FY,10-K,2023-02-17,USD
469458,5272,"American International Group, Inc.",SummaryOfInvestmentsOtherThanInvestmentsInRelatedPartiesFairValue,2022-12-31,306066000000,0000005272-23-000007,2022,FY,10-K,2023-02-17,USD
469545,5272,"American International Group, Inc.",SupplementalInformationForPropertyCasualtyInsuranceUnderwritersCurrentYearClaimsAndClaimsAdjustmentExpense,2022-12-31,16434000000,0000005272-23-000007,2022,FY,10-K,2023-02-17,USD
469559,5272,"American International Group, Inc.",SupplementalInformationForPropertyCasualtyInsuranceUnderwritersPriorYearClaimsAndClaimsAdjustmentExpense,2022-12-31,-356000000,0000005272-23-000007,2022,FY,10-K,2023-02-17,USD
469595,5272,"American International Group, Inc.",SupplementaryInsuranceInformationAmortizationOfDeferredPolicyAcquisitionCosts,2022-12-31,4970000000,0000005272-23-000007,2022,FY,10-K,2023-02-17,USD
469631,5272,"American International Group, Inc.",SupplementaryInsuranceInformationBenefitsClaimsLossesAndSettlementExpense,2022-12-31,26480000000,0000005272-23-000007,2022,FY,10-K,2023-02-17,USD
469658,5272,"American International Group, Inc.",SupplementaryInsuranceInformationDeferredPolicyAcquisitionCosts,2022-12-31,15518000000,0000005272-23-000007,2022,FY,10-K,2023-02-17,USD
469679,5272,"American International Group, Inc.",SupplementaryInsuranceInformationLiabilityForFuturePolicyBenefitsLossesClaimsAndLossExpenseReserves,2022-12-31,134390000000,0000005272-23-000007,2022,FY,10-K,2023-02-17,USD
469715,5272,"American International Group, Inc.",SupplementaryInsuranceInformationNetInvestmentIncome,2022-12-31,11767000000,0000005272-23-000007,2022,FY,10-K,2023-02-17,USD
469751,5272,"American International Group, Inc.",SupplementaryInsuranceInformationOtherOperatingExpense,2022-12-31,9195000000,0000005272-23-000007,2022,FY,10-K,2023-02-17,USD
469778,5272,"American International Group, Inc.",SupplementaryInsuranceInformationOtherPolicyClaimsAndBenefitsPayable,2022-12-31,1456000000,0000005272-23-000007,2022,FY,10-K,2023-02-17,USD
469814,5272,"American International Group, Inc.",SupplementaryInsuranceInformationPremiumRevenue,2022-12-31,34829000000,0000005272-23-000007,2022,FY,10-K,2023-02-17,USD
469850,5272,"American International Group, Inc.",SupplementaryInsuranceInformationPremiumsWritten,2022-12-31,26760000000,0000005272-23-000007,2022,FY,10-K,2023-02-17,USD
469877,5272,"American International Group, Inc.",SupplementaryInsuranceInformationUnearnedPremiums,2022-12-31,18338000000,0000005272-23-000007,2022,FY,10-K,2023-02-17,USD
469889,5272,"American International Group, Inc.",TaxCreditCarryforwardValuationAllowance,2022-12-31,864000000,0000005272-23-000007,2022,FY,10-K,2023-02-17,USD
470079,5272,"American International Group, Inc.",TradingSecuritiesDebt,2022-12-31,4485000000,0000005272-23-000007,2022,FY,10-K,2023-02-17,USD
470399,5272,"American International Group, Inc.",TranslationAdjustmentForNetInvestmentHedgeIncreaseDecreaseGrossOfTax,2022-12-31,312000000,0000005272-23-000007,2022,FY,10-K,2023-02-17,USD
470508,5272,"American International Group, Inc.",TreasuryStockShares,2022-12-31,1172543436,0000005272-23-000007,2022,FY,10-K,2023-02-17,shares
470531,5272,"American International Group, Inc.",TreasuryStockSharesAcquired,2022-12-31,90100000,0000005272-23-000007,2022,FY,10-K,2023-02-17,shares
470639,5272,"American International Group, Inc.",TreasuryStockValue,2022-12-31,56473000000,0000005272-23-000007,2022,FY,10-K,2023-02-17,USD
470748,5272,"American International Group, Inc.",TreasuryStockValueAcquiredCostMethod,2022-12-31,5149000000,0000005272-23-000007,2022,FY,10-K,2023-02-17,USD
470864,5272,"American International Group, Inc.",UnearnedPremiums,2022-12-31,18338000000,0000005272-23-000007,2022,FY,10-K,2023-02-17,USD
470911,5272,"American International Group, Inc.",UnrealizedGainLossOnInvestments,2022-12-31,1392000000,0000005272-23-000007,2022,FY,10-K,2023-02-17,USD
471064,5272,"American International Group, Inc.",UnrecognizedTaxBenefits,2022-12-31,1191000000,0000005272-23-000007,2022,FY,10-K,2023-02-17,USD
471104,5272,"American International Group, Inc.",UnrecognizedTaxBenefitsDecreasesResultingFromPriorPeriodTaxPositions,2022-12-31,33000000,0000005272-23-000007,2022,FY,10-K,2023-02-17,USD
471203,5272,"American International Group, Inc.",UnrecognizedTaxBenefitsIncomeTaxPenaltiesAndInterestAccrued,2022-12-31,63000000,0000005272-23-000007,2022,FY,10-K,2023-02-17,USD
471311,5272,"American International Group, Inc.",UnrecognizedTaxBenefitsIncomeTaxPenaltiesAndInterestExpense,2022-12-31,2000000,0000005272-23-000007,2022,FY,10-K,2023-02-17,USD
471348,5272,"American International Group, Inc.",UnrecognizedTaxBenefitsIncreasesResultingFromCurrentPeriodTaxPositions,2022-12-31,59000000,0000005272-23-000007,2022,FY,10-K,2023-02-17,USD
471384,5272,"American International Group, Inc.",UnrecognizedTaxBenefitsIncreasesResultingFromPriorPeriodTaxPositions,2022-12-31,29000000,0000005272-23-000007,2022,FY,10-K,2023-02-17,USD
471394,5272,"American International Group, Inc.",UnrecognizedTaxBenefitsInterestOnIncomeTaxesAccrued,2020-12-31,67000000,0000005272-23-000007,2022,FY,10-K,2023-02-17,USD
471421,5272,"American International Group, Inc.",UnrecognizedTaxBenefitsReductionsResultingFromLapseOfApplicableStatuteOfLimitations,2022-12-31,21000000,0000005272-23-000007,2022,FY,10-K,2023-02-17,USD
471525,5272,"American International Group, Inc.",UnrecognizedTaxBenefitsThatWouldImpactEffectiveTaxRate,2022-12-31,1200000000,0000005272-23-000007,2022,FY,10-K,2023-02-17,USD
471786,5272,"American International Group, Inc.",WeightedAverageNumberDilutedSharesOutstandingAdjustment,2022-12-31,9320632,0000005272-23-000007,2022,FY,10-K,2023-02-17,shares
472036,5272,"American International Group, Inc.",WeightedAverageNumberOfDilutedSharesOutstanding,2022-12-31,787941750,0000005272-23-000007,2022,FY,10-K,2023-02-17,shares
472286,5272,"American International Group, Inc.",WeightedAverageNumberOfSharesOutstandingBasic,2022-12-31,778621118,0000005272-23-000007,2022,FY,10-K,2023-02-17,shares
472411,5272,"American International Group, Inc.",WithdrawalFromContractHoldersFunds,2022-12-31,20722000000,0000005272-23-000007,2022,FY,10-K,2023-02-17,USD
472463,5272,"American International Group, Inc.",WorkersCompensationDiscountAmount,2022-12-31,2532000000,0000005272-23-000007,2022,FY,10-K,2023-02-17,USD
